Open,High,Low,Close,Volume (BTC),Volume (Currency),Weighted Price,Avg Close,Avg Open
968.75,1010.0,961.37,996.121,1478.19066168,1465463.38685,991.389963989,5437.992746913579,5422.111800411522
999.497,1034.931,997.02,1017.791,2307.09531837,2344982.28616,1016.42193432,5437.992746913579,5422.111800411522
1019.997,1039.838,1010.0,1038.25,1669.60575573,1707734.60356,1022.83703665,5437.992746913579,5422.111800411522
1039.309,1150.0,997.23,1133.219,5566.10435777,6092681.21668,1094.60420162,5437.992746913579,5422.111800411522
1133.219,1156.9,879.01,1005.99,8500.09326664,8598197.28266,1011.5415223,5437.992746913579,5422.111800411522
1004.41,1059.196,868.384,895.723,5748.61784691,5367624.2391,933.724311138,5437.992746913579,5422.111800411522
898.43,912.668,804.0,908.0,5257.78151447,4542122.70796,863.885784424,5437.992746913579,5422.111800411522
912.654,939.998,890.0,916.939,1997.57454164,1831407.11701,916.815407301,5437.992746913579,5422.111800411522
913.121,916.829,878.0,905.01,1317.28617545,1180508.05477,896.166737925,5437.992746913579,5422.111800411522
905.062,916.687,898.1,909.517,1198.19989441,1089255.78682,909.076850954,5437.992746913579,5422.111800411522
909.999,924.59,765.432,789.884,9817.79889829,8069155.46669,821.890481796,5437.992746913579,5422.111800411522
783.0,837.999,756.001,807.794,4234.77053364,3363647.61982,794.292770553,5437.992746913579,5422.111800411522
809.979,839.0,776.81,832.9,2988.12239941,2422536.60449,810.722012246,5437.992746913579,5422.111800411522
834.0,846.946,811.0,818.651,1682.15476394,1400387.20573,832.496055505,5437.992746913579,5422.111800411522
821.559,833.0,811.93,827.139,1182.96094483,970940.773692,820.771622204,5437.992746913579,5422.111800411522
825.951,840.6,822.145,832.806,1343.44034216,1119135.08427,833.036681382,5437.992746913579,5422.111800411522
834.634,920.0,832.98,906.393,4616.87770626,4096050.64916,887.190631801,5437.992746913579,5422.111800411522
909.27,917.0,852.111,892.311,3303.90896033,2930865.54861,887.090287233,5437.992746913579,5422.111800411522
892.402,909.0,888.0,900.11,2525.66719507,2269988.776,898.767969282,5437.992746913579,5422.111800411522
900.238,907.104,885.0,898.619,1625.59362644,1460085.26544,898.185894491,5437.992746913579,5422.111800411522
896.589,928.081,896.082,925.298,2087.00090821,1915209.55708,917.685061633,5437.992746913579,5422.111800411522
925.298,939.91,888.0,925.01,1996.77028969,1838141.61937,920.557376512,5437.992746913579,5422.111800411522
925.27,929.92,912.622,917.968,1195.20769588,1102593.66781,922.512188981,5437.992746913579,5422.111800411522
917.72,930.0,882.576,887.985,3501.54969645,3163133.81882,903.352541883,5437.992746913579,5422.111800411522
885.71,903.325,885.694,896.89,1274.42905475,1139977.92419,894.50089037,5437.992746913579,5422.111800411522
896.89,921.78,895.543,914.926,1179.80109759,1073304.84217,909.733720682,5437.992746913579,5422.111800411522
915.79,925.0,910.0,922.299,1444.89926494,1327055.9984,918.441880758,5437.992746913579,5422.111800411522
921.45,923.63,917.01,918.359,726.58837968,668987.108428,920.723654737,5437.992746913579,5422.111800411522
920.749,923.76,915.702,915.702,599.44860244,550462.615205,918.281589054,5437.992746913579,5422.111800411522
916.0,925.0,915.0,920.58,1286.16258232,1184147.15562,920.682324225,5437.992746913579,5422.111800411522
920.63,974.969,919.002,969.739,3305.75546659,3143200.87002,950.826793387,5437.992746913579,5422.111800411522
968.166,990.0,964.989,988.789,2383.45897765,2327683.75552,976.599042545,5437.992746913579,5422.111800411522
988.79,1013.991,975.975,1009.996,2584.64485371,2579797.12704,998.124412851,5437.992746913579,5422.111800411522
1008.22,1037.519,981.761,1015.21,3197.93549583,3239948.62853,1013.13757978,5437.992746913579,5422.111800411522
1016.291,1046.501,1001.796,1029.393,1805.75453962,1848634.91705,1023.74651509,5437.992746913579,5422.111800411522
1032.364,1036.0,1005.4,1017.886,1148.18621798,1169751.73356,1018.78224564,5437.992746913579,5422.111800411522
1015.35,1029.91,1013.75,1027.01,808.938483,828904.409745,1024.68163793,5437.992746913579,5422.111800411522
1028.45,1055.0,1023.823,1050.998,1958.67703779,2045431.1719,1044.29220971,5437.992746913579,5422.111800411522
1054.214,1069.91,1025.4,1055.838,2968.71043459,3118006.95299,1050.2900238,5437.992746913579,5422.111800411522
1053.497,1079.91,940.006,988.38,6762.98804082,6714456.82363,992.823997781,5437.992746913579,5422.111800411522
987.431,1010.0,948.208,1002.726,2778.28262031,2717341.80312,978.065292299,5437.992746913579,5422.111800411522
998.824,1018.488,993.001,1011.004,1312.08252437,1323113.93129,1008.40755571,5437.992746913579,5422.111800411522
1010.599,1013.695,999.0,1001.017,825.83598941,830305.8127,1005.41248304,5437.992746913579,5422.111800411522
1001.033,1010.0,982.01,996.391,1314.36198067,1309698.79176,996.452127363,5437.992746913579,5422.111800411522
999.028,1025.0,992.094,1016.472,1851.33238405,1871598.59397,1010.94682408,5437.992746913579,5422.111800411522
1015.05,1020.0,1001.302,1015.75,1248.51939878,1266122.09046,1014.09885316,5437.992746913579,5422.111800411522
1016.739,1047.43,1015.75,1039.872,1918.29736767,1982631.64263,1033.53717523,5437.992746913579,5422.111800411522
1038.502,1063.923,1035.998,1052.065,2165.19887736,2272972.94292,1049.77559645,5437.992746913579,5422.111800411522
1052.0,1069.794,1051.0,1058.909,1467.38918303,1559070.23996,1062.47903282,5437.992746913579,5422.111800411522
1058.88,1063.0,1042.952,1055.61,520.15179874,548008.164625,1053.55430079,5437.992746913579,5422.111800411522
1055.588,1093.327,1045.471,1088.68,1440.87051755,1536195.62596,1066.15799772,5437.992746913579,5422.111800411522
1088.67,1132.741,1080.0,1128.458,2575.18016495,2842612.79793,1103.85006712,5437.992746913579,5422.111800411522
1125.771,1139.999,1102.56,1125.669,2198.07601363,2470387.14326,1123.88612948,5437.992746913579,5422.111800411522
1122.092,1193.43,1122.092,1182.0,3010.45673031,3484088.73156,1157.32895161,5437.992746913579,5422.111800411522
1177.781,1214.973,1056.658,1185.0,4999.21394767,5850430.83211,1170.27014514,5437.992746913579,5422.111800411522
1174.574,1185.0,1120.403,1146.834,2223.26888247,2571486.60741,1156.62420667,5437.992746913579,5422.111800411522
1147.454,1184.44,1130.0,1167.0,1722.74636631,2000925.71679,1161.47435044,5437.992746913579,5422.111800411522
1167.0,1196.991,1161.98,1190.211,1837.69005499,2176920.13087,1184.59591429,5437.992746913579,5422.111800411522
1191.83,1208.5,1175.808,1180.0,2027.08165468,2414543.85721,1191.14286868,5437.992746913579,5422.111800411522
1181.998,1229.998,1177.179,1225.0,2248.94255154,2727608.91833,1212.84063769,5437.992746913579,5422.111800411522
1228.71,1282.385,1212.421,1254.0,2886.5383,3595171.5673,1245.49588249,5437.992746913579,5422.111800411522
1254.0,1288.0,1235.278,1276.999,2729.15461471,3453515.38721,1265.41580627,5437.992746913579,5422.111800411522
1277.0,1280.235,1232.499,1261.266,1414.87236665,1782784.53553,1260.03205487,5437.992746913579,5422.111800411522
1264.63,1277.724,1237.775,1267.984,1203.81215827,1514302.95913,1257.92296475,5437.992746913579,5422.111800411522
1268.01,1279.91,1257.384,1275.0,1005.16184234,1279617.11891,1273.04585691,5437.992746913579,5422.111800411522
1274.904,1279.9,1158.448,1224.917,4081.77712921,5023497.42859,1230.71330687,5437.992746913579,5422.111800411522
1234.455,1238.11,1131.342,1143.387,3161.96380674,3743742.5864,1183.99286495,5437.992746913579,5422.111800411522
1143.388,1205.396,1105.0,1187.194,2289.80134809,2677938.68079,1169.50698934,5437.992746913579,5422.111800411522
1185.201,1310.982,968.0,1111.0,8294.81004874,9482389.69758,1143.17140982,5437.992746913579,5422.111800411522
1107.563,1191.088,1105.002,1174.969,3741.85717652,4327658.75113,1156.55369699,5437.992746913579,5422.111800411522
1174.82,1231.942,1138.0,1224.369,1965.52362399,2335674.31867,1188.32167172,5437.992746913579,5422.111800411522
1224.199,1241.058,1180.0,1230.0,4085.58483833,4979973.54696,1218.9132631,5437.992746913579,5422.111800411522
1229.991,1259.722,1218.0,1243.995,2525.7347183,3129168.47753,1238.91414837,5437.992746913579,5422.111800411522
1245.927,1259.0,1238.503,1252.92,2410.08624758,3016281.57546,1251.52432967,5437.992746913579,5422.111800411522
1252.95,1255.92,1025.0,1165.1,6834.24568947,8131355.51193,1189.79560897,5437.992746913579,5422.111800411522
1165.1,1165.1,983.9,1021.16,8378.76056902,9163298.68297,1093.63414881,5437.992746913579,5422.111800411522
1030.249,1079.999,923.601,954.988,6809.69603319,6752911.6195,991.661241059,5437.992746913579,5422.111800411522
950.999,1039.998,943.896,1017.937,4299.73879027,4292828.40825,998.392836785,5437.992746913579,5422.111800411522
1007.44,1039.998,902.0,1030.0,3228.56027229,3277990.10785,1015.31017896,5437.992746913579,5422.111800411522
1029.999,1114.996,1029.999,1110.368,3491.83945085,3763874.70515,1077.90600288,5437.992746913579,5422.111800411522
1109.99,1113.0,975.626,1032.01,3833.96010786,3993469.08654,1041.60423536,5437.992746913579,5422.111800411522
1030.01,1052.63,1006.4,1024.03,2445.78469791,2527754.77932,1033.51483942,5437.992746913579,5422.111800411522
1025.002,1033.0,911.23,921.302,4800.93919929,4675368.43258,973.844541351,5437.992746913579,5422.111800411522
921.817,960.0,881.891,951.079,4831.80778438,4456628.78864,922.35225148,5437.992746913579,5422.111800411522
951.27,994.569,923.005,961.875,2850.42628474,2740527.73562,961.4448724,5437.992746913579,5422.111800411522
958.73,1044.437,948.323,1039.851,3334.31478794,3344420.51727,1003.03082641,5437.992746913579,5422.111800411522
1039.961,1067.8,1016.127,1043.281,4578.76417589,4772040.77932,1042.21152171,5437.992746913579,5422.111800411522
1043.3,1060.06,1006.898,1043.43,3867.97754654,3998225.7306,1033.67345919,5437.992746913579,5422.111800411522
1042.141,1057.51,1022.79,1040.0,3219.42627621,3334838.89436,1035.84881536,5437.992746913579,5422.111800411522
1040.001,1088.959,1040.001,1079.78,3657.23042586,3889678.35948,1063.55845997,5437.992746913579,5422.111800411522
1080.03,1108.218,1070.0,1091.726,2543.24790958,2764629.79871,1087.04691678,5437.992746913579,5422.111800411522
1096.008,1117.955,1081.0,1107.459,3050.13233054,3357947.01364,1100.91846836,5437.992746913579,5422.111800411522
1107.221,1161.4,1107.221,1148.428,4134.64722763,4698592.05845,1136.39490863,5437.992746913579,5422.111800411522
1149.967,1165.648,1125.0,1141.998,3244.89795693,3715635.48233,1145.0700551,5437.992746913579,5422.111800411522
1141.999,1146.883,1112.729,1138.16,2280.80129201,2578486.48574,1130.51781178,5437.992746913579,5422.111800411522
1138.21,1206.794,1138.21,1191.56,3858.67519047,4524307.32898,1172.50276472,5437.992746913579,5422.111800411522
1191.74,1205.0,1175.203,1191.88,1736.14682991,2071180.27007,1192.97529125,5437.992746913579,5422.111800411522
1194.213,1204.999,1170.82,1182.47,1226.28896472,1456701.48542,1187.89414838,5437.992746913579,5422.111800411522
1182.469,1220.0,1175.392,1211.0,1929.76807813,2315191.63331,1199.72532427,5437.992746913579,5422.111800411522
1209.66,1219.0,1189.449,1211.23,1624.62890774,1966461.73181,1210.40671038,5437.992746913579,5422.111800411522
1213.29,1234.622,1198.0,1223.499,1381.25806694,1682894.44807,1218.37800506,5437.992746913579,5422.111800411522
1223.499,1230.411,1210.535,1219.149,1511.84995905,1845401.7863,1220.62495372,5437.992746913579,5422.111800411522
1218.615,1219.5,1151.0,1174.13,2865.65624627,3397944.5183,1185.74742617,5437.992746913579,5422.111800411522
1175.899,1197.992,1168.953,1187.991,1638.36379117,1944823.41076,1187.05224153,5437.992746913579,5422.111800411522
1188.0,1198.18,1170.057,1175.008,1139.76355432,1353099.59822,1187.17570244,5437.992746913579,5422.111800411522
1180.53,1193.33,1175.0,1180.998,660.77880033,781637.303608,1182.90311859,5437.992746913579,5422.111800411522
1180.994,1210.986,1175.0,1197.5,1856.53718947,2212497.45344,1191.73344116,5437.992746913579,5422.111800411522
1200.398,1218.0,1197.1,1202.378,2141.0172083,2586888.00731,1208.2518521,5437.992746913579,5422.111800411522
1202.39,1212.563,1197.1,1204.2,1959.43227945,2360717.09647,1204.79647153,5437.992746913579,5422.111800411522
1209.0,1249.478,1206.34,1241.877,2311.65247676,2840285.00789,1228.68166234,5437.992746913579,5422.111800411522
1241.873,1254.91,1236.01,1248.999,1985.63803239,2473088.40823,1245.48803351,5437.992746913579,5422.111800411522
1248.985,1250.985,1212.0,1235.488,1659.24103,2051788.56577,1236.58258726,5437.992746913579,5422.111800411522
1235.397,1245.0,1228.0,1242.48,1303.85294933,1614833.62865,1238.50901244,5437.992746913579,5422.111800411522
1244.32,1259.496,1234.097,1251.016,1587.45415051,1978572.58899,1246.38093538,5437.992746913579,5422.111800411522
1252.3,1280.0,1248.42,1276.07,1624.23708372,2057574.11253,1266.7941972,5437.992746913579,5422.111800411522
1276.349,1314.701,1269.001,1290.521,3355.71416436,4345486.02188,1294.95118149,5437.992746913579,5422.111800411522
1290.52,1345.466,1290.511,1333.7,3316.58899494,4378275.57083,1320.11400192,5437.992746913579,5422.111800411522
1335.493,1355.55,1292.14,1328.64,3550.7282978,4697843.37091,1323.06472839,5437.992746913579,5422.111800411522
1322.92,1339.229,1312.0,1335.926,2124.5495966,2819618.49654,1327.1605902,5437.992746913579,5422.111800411522
1335.927,1352.0,1309.37,1350.717,1779.96768938,2364721.90158,1328.51956566,5437.992746913579,5422.111800411522
1344.601,1438.874,1325.76,1397.234,5314.13824244,7349853.63697,1383.07535515,5437.992746913579,5422.111800411522
1397.237,1471.569,1381.436,1455.2,5160.18344912,7386740.77661,1431.48801771,5437.992746913579,5422.111800411522
1454.501,1523.777,1446.247,1513.599,5193.27639482,7678098.50626,1478.46906703,5437.992746913579,5422.111800411522
1513.598,1618.6,1450.0,1535.415,9172.90148331,14131748.3389,1540.5974178,5437.992746913579,5422.111800411522
1535.418,1597.901,1491.335,1518.031,7859.93197098,12175821.6924,1549.10013691,5437.992746913579,5422.111800411522
1514.473,1572.999,1513.705,1535.422,3478.67650695,5378467.60699,1546.12468168,5437.992746913579,5422.111800411522
1535.422,1563.363,1358.0,1505.164,5592.76035036,8437739.07597,1508.68954638,5437.992746913579,5422.111800411522
1505.164,1677.399,1485.982,1670.059,7031.97886357,11173579.2448,1588.96655715,5437.992746913579,5422.111800411522
1668.525,1768.681,1639.004,1721.749,8209.65256373,14032044.9003,1709.21300156,5437.992746913579,5422.111800411522
1721.751,1794.0,1685.0,1782.0,5282.78134717,9234161.13245,1747.97337342,5437.992746913579,5422.111800411522
1781.999,1886.616,1753.349,1836.059,7053.15854315,12896195.2171,1828.42837549,5437.992746913579,5422.111800411522
1830.001,1837.981,1639.0,1698.188,6996.65421712,12184863.7675,1741.52721992,5437.992746913579,5422.111800411522
1698.188,1795.633,1608.001,1783.57,5521.86134078,9355472.21418,1694.26061917,5437.992746913579,5422.111800411522
1785.0,1818.0,1752.85,1788.04,2598.56417973,4641873.72845,1786.32252559,5437.992746913579,5422.111800411522
1787.88,1795.16,1699.12,1739.75,4579.84522357,7953515.10573,1736.63403837,5437.992746913579,5422.111800411522
1739.75,1791.262,1701.0,1786.85,6118.34973203,10677506.7311,1745.1612279,5437.992746913579,5422.111800411522
1786.841,1880.0,1763.403,1836.056,7585.59118773,13840376.1028,1824.5612979,5437.992746913579,5422.111800411522
1836.05,2589.0,1821.072,1900.0,6693.3824515,12585954.4455,1880.35788134,5437.992746913579,5422.111800411522
1899.001,1971.994,1851.535,1961.793,7582.81121885,14602858.1885,1925.78422,5437.992746913579,5422.111800411522
1961.793,2046.477,1957.0,2039.114,6004.57879105,11957237.1297,1991.35318993,5437.992746913579,5422.111800411522
2039.115,2096.837,1990.0,2011.106,5935.44935035,12062421.0367,2032.26753775,5437.992746913579,5422.111800411522
2007.227,2197.192,1900.1,2085.992,9816.82174797,20623116.1276,2100.79358239,5437.992746913579,5422.111800411522
2080.052,2249.998,2079.251,2231.967,7547.2781841,16306205.758,2160.54123887,5437.992746913579,5422.111800411522
2233.975,2474.72,2231.967,2408.24,9468.72844229,22171468.8926,2341.54660024,5437.992746913579,5422.111800411522
2408.24,2722.237,2201.0,2259.2,14233.4747103,35472298.5304,2492.17420571,5437.992746913579,5422.111800411522
2259.2,2573.693,2030.0,2203.709,10871.9988566,25238887.38,2321.45787659,5437.992746913579,5422.111800411522
2199.787,2290.0,1812.99,2008.0,12534.3991475,25222205.4049,2012.2388882,5437.992746913579,5422.111800411522
1995.016,2270.0,1995.016,2137.213,7017.33573788,15014667.3187,2139.65354937,5437.992746913579,5422.111800411522
2129.343,2326.33,2051.681,2245.273,4466.55258893,9850285.26862,2205.34407073,5437.992746913579,5422.111800411522
2259.4,2315.38,2133.0,2159.097,7795.44975019,17455992.5377,2239.2540645,5437.992746913579,5422.111800411522
2158.015,2334.739,2130.0,2291.301,8836.66199251,19778773.5882,2238.26300078,5437.992746913579,5422.111800411522
2291.301,2456.11,2291.301,2399.0,10561.400872,25156075.4023,2381.88813275,5437.992746913579,5422.111800411522
2399.981,2497.65,2371.154,2487.183,7019.74562439,16999229.1845,2421.63036869,5437.992746913579,5422.111800411522
2485.432,2588.773,2450.409,2549.719,5467.76714269,13797104.689,2523.35264633,5437.992746913579,5422.111800411522
2549.692,2570.0,2480.0,2520.551,5772.87682718,14546142.4421,2519.73892351,5437.992746913579,5422.111800411522
2522.768,2692.373,2515.0,2690.0,6539.22652292,17027420.3466,2603.88905124,5437.992746913579,5422.111800411522
2690.999,2934.278,2690.999,2867.0,11717.2147828,33024286.8706,2818.44171015,5437.992746913579,5422.111800411522
2871.9,2885.0,2630.0,2690.001,7816.34335809,21816095.3041,2791.08712407,5437.992746913579,5422.111800411522
2693.002,2818.052,2615.99,2811.631,5274.32402683,14492800.24,2747.80240392,5437.992746913579,5422.111800411522
2810.339,2865.339,2793.11,2816.467,3812.55353931,10780698.0803,2827.68437719,5437.992746913579,5422.111800411522
2816.463,2907.924,2787.891,2816.269,6116.9691655,17396389.4394,2843.9557187,5437.992746913579,5422.111800411522
2816.214,2929.998,2781.893,2924.879,4738.1915798,13521303.2101,2853.68436088,5437.992746913579,5422.111800411522
2924.876,2948.0,2400.0,2609.442,10270.9036694,27774647.4056,2704.20678645,5437.992746913579,5422.111800411522
2609.442,2778.164,2601.0,2710.0,7200.4129436,19452035.2259,2701.51661832,5437.992746913579,5422.111800411522
2710.0,2797.903,2318.43,2452.686,10307.6888616,27015229.3085,2620.88133152,5437.992746913579,5422.111800411522
2456.602,2510.761,2075.329,2428.707,15725.0686198,36601127.3482,2327.56550914,5437.992746913579,5422.111800411522
2428.72,2526.35,2308.311,2470.303,8199.12396206,20045403.5529,2444.82259881,5437.992746913579,5422.111800411522
2470.316,2678.0,2420.891,2642.243,5840.43140512,14934673.0589,2557.11813442,5437.992746913579,5422.111800411522
2646.838,2670.158,2460.001,2497.762,7006.94574528,18017797.3948,2571.41956707,5437.992746913579,5422.111800411522
2500.724,2592.0,2484.822,2584.858,6459.40340697,16498742.5181,2554.22079697,5437.992746913579,5422.111800411522
2584.859,2768.0,2579.0,2705.1,6385.09305493,16993358.358,2661.41122953,5437.992746913579,5422.111800411522
2705.1,2764.963,2570.0,2644.968,6443.29821865,17282608.7358,2682.26118819,5437.992746913579,5422.111800411522
2644.969,2735.31,2588.547,2684.987,4830.25325455,12876933.0556,2665.89190608,5437.992746913579,5422.111800411522
2684.98,2725.0,2660.112,2668.0,3467.61184512,9355391.79661,2697.93512494,5437.992746913579,5422.111800411522
2668.0,2701.788,2500.0,2547.431,4388.75826031,11390390.9642,2595.35620068,5437.992746913579,5422.111800411522
2555.092,2601.527,2408.0,2490.126,5293.36994113,13319462.3467,2516.2538222,5437.992746913579,5422.111800411522
2490.126,2535.779,2210.0,2405.0,9803.02096367,23567211.1977,2404.07638473,5437.992746913579,5422.111800411522
2404.374,2540.054,2257.008,2538.01,9163.27270786,21876403.7799,2387.40071123,5437.992746913579,5422.111800411522
2538.01,2600.0,2444.437,2554.021,7936.55979987,20081146.9476,2530.20798103,5437.992746913579,5422.111800411522
2554.014,2579.998,2498.003,2526.074,5462.7420328,13921520.5955,2548.44920589,5437.992746913579,5422.111800411522
2526.074,2547.953,2419.238,2445.0,5522.98436402,13830826.6639,2504.23063915,5437.992746913579,5422.111800411522
2443.36,2500.0,2364.01,2392.948,5294.89212957,12878057.7027,2432.16620613,5437.992746913579,5422.111800411522
2393.0,2525.0,2344.0,2505.571,5874.65109879,14340696.3594,2441.11456464,5437.992746913579,5422.111800411522
2500.911,2587.999,2469.212,2546.73,6427.10324836,16224119.2548,2524.32839925,5437.992746913579,5422.111800411522
2546.73,2647.65,2546.729,2599.071,5916.6169171,15384088.7968,2600.14954701,5437.992746913579,5422.111800411522
2597.708,2628.386,2536.011,2611.387,5114.56959655,13182329.7572,2577.40744521,5437.992746913579,5422.111800411522
2610.74,2620.0,2575.338,2605.641,3528.72318966,9163823.2594,2596.92324018,5437.992746913579,5422.111800411522
2606.8,2613.993,2470.201,2506.928,4956.84936433,12571742.247,2536.23649277,5437.992746913579,5422.111800411522
2506.928,2552.639,2470.201,2547.847,5186.4747058,13010444.5537,2508.53330859,5437.992746913579,5422.111800411522
2547.017,2560.417,2494.0,2499.001,2608.34571341,6609965.55494,2534.16006972,5437.992746913579,5422.111800411522
2499.12,2522.775,2265.0,2339.229,8795.77251745,21295128.0544,2421.0639841,5437.992746913579,5422.111800411522
2336.317,2404.178,2252.845,2302.2,9926.80163555,23125151.9244,2329.56724365,5437.992746913579,5422.111800411522
2302.2,2416.512,2235.0,2373.846,7603.57401073,17795928.9506,2340.46895914,5437.992746913579,5422.111800411522
2373.845,2417.084,2310.0,2336.402,6113.58367702,14456555.8297,2364.66148064,5437.992746913579,5422.111800411522
2338.641,2352.698,2133.77,2216.177,7547.155766,16947010.7937,2245.48310902,5437.992746913579,5422.111800411522
2216.178,2218.894,1956.202,1972.07,11774.5443371,24274792.5468,2061.63328719,5437.992746913579,5422.111800411522
1969.999,2042.87,1809.0,1907.239,13840.3033609,26477475.4649,1913.07045623,5437.992746913579,5422.111800411522
1905.05,2225.7,1905.002,2217.0,12866.5642179,26560598.723,2064.31167429,5437.992746913579,5422.111800411522
2217.0,2400.0,2144.94,2310.8,15041.4995145,34298855.4287,2280.28165647,5437.992746913579,5422.111800411522
2310.801,2400.0,2212.484,2254.998,9367.33940957,21611005.4825,2307.05908451,5437.992746913579,5422.111800411522
2254.998,2934.44,2254.64,2854.882,16465.54373,43030512.9149,2613.36726079,5437.992746913579,5422.111800411522
2854.882,2870.0,2614.7,2670.0,12131.7091406,33139871.7049,2731.67377496,5437.992746913579,5422.111800411522
2670.0,2875.0,2651.961,2831.131,8247.07931973,22997462.2657,2788.55839432,5437.992746913579,5422.111800411522
2833.599,2855.0,2672.26,2761.2,8021.95663598,22257376.3537,2774.55705181,5437.992746913579,5422.111800411522
2761.0,2809.377,2720.001,2755.898,5221.13369129,14414656.9318,2760.82892798,5437.992746913579,5422.111800411522
2755.898,2774.996,2440.211,2556.002,10789.6621137,27862832.7905,2582.36379386,5437.992746913579,5422.111800411522
2565.0,2617.013,2414.612,2525.0,9942.9701169,24817822.7801,2496.01703398,5437.992746913579,5422.111800411522
2526.699,2695.999,2511.166,2675.392,6869.44407154,17751186.2089,2584.07900611,5437.992746913579,5422.111800411522
2676.988,2851.954,2671.011,2800.0,9163.83609075,25326415.808,2763.73513856,5437.992746913579,5422.111800411522
2808.971,2808.999,2678.588,2715.999,7068.39098876,19334018.7178,2735.27861554,5437.992746913579,5422.111800411522
2716.0,2799.0,2653.0,2799.0,4432.01944492,12028854.5837,2714.07983046,5437.992746913579,5422.111800411522
2798.999,2910.0,2723.0,2876.133,7421.35930945,20858806.1781,2810.64496521,5437.992746913579,5422.111800411522
2876.133,2970.0,2599.0,2727.027,13128.8340297,36518804.6379,2781.57257188,5437.992746913579,5422.111800411522
2727.975,2761.514,2650.0,2700.8,6560.85694982,17774609.6213,2709.19024103,5437.992746913579,5422.111800411522
2700.9,2808.88,2697.7,2797.034,6069.83355832,16686358.8163,2749.06365322,5437.992746913579,5422.111800411522
2797.034,2888.2,2771.011,2875.968,5969.506676,16959799.4147,2841.0721916,5437.992746913579,5422.111800411522
2875.967,3350.0,2870.0,3256.31,12846.2877564,40692195.805,3167.62294109,5437.992746913579,5422.111800411522
3256.31,3299.1,3177.77,3235.032,5412.31929521,17563145.7468,3245.03134217,5437.992746913579,5422.111800411522
3236.994,3447.887,3191.0,3395.0,6389.08523775,21269097.7176,3328.97385558,5437.992746913579,5422.111800411522
3395.0,3492.0,3350.0,3430.52,7446.40589118,25533644.339,3428.98906025,5437.992746913579,5422.111800411522
3430.52,3444.9,3252.0,3371.878,6149.15996821,20626418.2271,3354.34731472,5437.992746913579,5422.111800411522
3370.0,3470.0,3340.0,3433.989,3997.94405102,13688579.3426,3423.90467897,5437.992746913579,5422.111800411522
3434.099,3735.199,3425.006,3670.0,5731.53683792,20353460.523,3551.13490475,5437.992746913579,5422.111800411522
3669.618,3975.0,3637.34,3884.626,8296.37663448,31690179.4778,3819.76143008,5437.992746913579,5422.111800411522
3889.09,4232.71,3841.468,4084.0,11504.3712118,46475746.0792,4039.8336618,5437.992746913579,5422.111800411522
4084.0,4423.0,3970.0,4355.662,9768.30274994,41156375.0084,4213.25751893,5437.992746913579,5422.111800411522
4350.021,4484.29,3821.0,4172.2,12347.2083171,51230382.2963,4149.14699585,5437.992746913579,5422.111800411522
4170.8,4399.0,3950.0,4388.0,7600.44702534,31826109.3032,4187.39966177,5437.992746913579,5422.111800411522
4381.01,4479.0,4200.0,4291.0,7641.76969396,33215013.3472,4346.50803118,5437.992746913579,5422.111800411522
4291.0,4354.996,3980.0,4141.0,9739.86573903,40865531.1004,4195.69757894,5437.992746913579,5422.111800411522
4130.0,4211.683,4002.636,4179.733,5163.2532409,21279685.6805,4121.37167937,5437.992746913579,5422.111800411522
4184.937,4198.0,4066.0,4078.244,4318.74607052,17768435.825,4114.2580589,5437.992746913579,5422.111800411522
4076.001,4116.969,3996.0,4005.704,5070.67114359,20508373.1503,4044.50862017,5437.992746913579,5422.111800411522
4007.398,4169.994,3620.0,4104.9,10243.5245657,40150470.0735,3919.59523464,5437.992746913579,5422.111800411522
4104.9,4279.99,4081.4,4151.0,5552.17923783,23200143.287,4178.56526117,5437.992746913579,5422.111800411522
4150.999,4380.0,4145.0,4334.682,4475.34873171,18952597.6043,4234.88732174,5437.992746913579,5422.111800411522
4334.999,4465.0,4313.99,4390.989,4496.68320251,19725736.6926,4386.73035307,5437.992746913579,5422.111800411522
4391.5,4392.1,4271.1,4351.749,2665.7511449,11541704.0291,4329.6254608,5437.992746913579,5422.111800411522
4360.4,4409.999,4326.0,4338.46,2241.11183796,9754880.46517,4352.69686231,5437.992746913579,5422.111800411522
4338.458,4399.0,4188.128,4387.828,4706.67506225,20222848.4976,4296.63153503,5437.992746913579,5422.111800411522
4387.699,4665.446,4346.1,4590.169,5540.05150058,25044673.1685,4520.65710326,5437.992746913579,5422.111800411522
4590.168,4641.999,4490.0,4579.75,4005.98910457,18331754.7596,4576.08702397,5437.992746913579,5422.111800411522
4581.12,4760.0,4576.83,4737.27,4116.62201611,19264637.1677,4679.7197052,5437.992746913579,5422.111800411522
4737.02,4919.95,4702.11,4919.9,4476.53958185,21552804.018,4814.6126319,5437.992746913579,5422.111800411522
4919.9,4965.0,4528.0,4630.4,7544.28673124,35527677.7663,4709.21626284,5437.992746913579,5422.111800411522
4630.45,4745.0,4463.846,4645.0,5063.75523135,23353471.0181,4611.88780879,5437.992746913579,5422.111800411522
4645.0,4660.0,4156.35,4344.11,9061.14572853,39731532.1418,4384.82431826,5437.992746913579,5422.111800411522
4344.11,4543.2,4140.5,4464.03,6853.20484346,29755278.3081,4341.80489097,5437.992746913579,5422.111800411522
4457.02,4699.9,4450.0,4641.6,4857.90857028,22415126.6275,4614.15160521,5437.992746913579,5422.111800411522
4651.1,4730.0,4550.0,4660.0,3747.28220704,17386137.1429,4639.66581173,5437.992746913579,5422.111800411522
4659.8,4705.1,4139.1,4385.0,8247.46699472,36547942.5705,4431.41422619,5437.992746913579,5422.111800411522
4385.1,4445.0,4210.1,4342.3,3544.92106629,15381259.8653,4338.95694084,5437.992746913579,5422.111800411522
4354.7,4386.8,4114.0,4287.1,4165.947233,17678175.6741,4243.49486093,5437.992746913579,5422.111800411522
4287.3,4397.4,4151.5,4226.2,4285.28478926,18198755.6797,4246.80192207,5437.992746913579,5422.111800411522
4224.7,4399.0,4115.1,4173.6,5586.0379546,23732180.7867,4248.48183625,5437.992746913579,5422.111800411522
4176.6,4183.1,3753.1,3882.2,11043.2129811,43307288.6969,3921.62034464,5437.992746913579,5422.111800411522
3880.7,3947.9,3215.0,3254.2,16615.4942672,58524616.0518,3522.2916099,5437.992746913579,5422.111800411522
3254.4,3849.0,2995.5,3739.6,21846.7669551,74354277.1384,3403.44533776,5437.992746913579,5422.111800411522
3739.7,3940.0,3611.0,3716.4,8378.22227064,31595479.1251,3771.14357968,5437.992746913579,5422.111800411522
3716.4,3821.8,3525.5,3719.0,4515.48314899,16612450.1329,3678.99726003,5437.992746913579,5422.111800411522
3718.8,4135.0,3710.0,4091.5,7398.92828545,29481593.3437,3984.57617189,5437.992746913579,5422.111800411522
4093.7,4113.0,3863.0,3911.0,7331.02515285,29086601.8013,3967.6036018,5437.992746913579,5422.111800411522
3912.3,4059.0,3821.4,3863.1,4828.39586068,19032077.1199,3941.69775409,5437.992746913579,5422.111800411522
3863.1,3916.9,3578.0,3623.9,7093.67811307,26539200.7603,3741.24683096,5437.992746913579,5422.111800411522
3623.9,3763.5,3525.1,3606.8,5016.90072309,18183003.019,3624.34977741,5437.992746913579,5422.111800411522
3599.7,3830.3,3570.1,3789.0,4144.04865655,15520697.6096,3745.29811205,5437.992746913579,5422.111800411522
3789.5,3792.9,3635.1,3672.7,2723.61174226,10089298.651,3704.38212411,5437.992746913579,5422.111800411522
3670.0,3976.9,3670.0,3924.0,5156.38634069,19883180.4214,3856.03000002,5437.992746913579,5422.111800411522
3922.7,3970.0,3850.0,3885.9,4312.7806046,16894277.8736,3917.25882266,5437.992746913579,5422.111800411522
3886.3,4240.0,3870.1,4213.8,6850.54844888,27912258.9506,4074.45610506,5437.992746913579,5422.111800411522
4213.9,4285.0,4130.0,4190.0,5769.81687903,24207859.6505,4195.60276489,5437.992746913579,5422.111800411522
4195.4,4224.8,4025.0,4157.1,4264.41333192,17623293.0741,4132.64186709,5437.992746913579,5422.111800411522
4162.6,4368.0,4151.2,4344.0,3565.25937074,15295381.6674,4290.11751372,5437.992746913579,5422.111800411522
4343.9,4391.0,4250.0,4383.7,2721.38577408,11740889.0559,4314.30529539,5437.992746913579,5422.111800411522
4387.9,4467.5,4365.2,4401.7,3475.87090973,15327623.2326,4409.72165846,5437.992746913579,5422.111800411522
4401.6,4430.3,4240.0,4309.0,5346.37481338,23052269.4917,4311.75708706,5437.992746913579,5422.111800411522
4312.9,4352.9,4189.1,4223.6,3742.45870332,15908604.3155,4250.84298229,5437.992746913579,5422.111800411522
4222.3,4372.0,4154.9,4324.2,3422.40852665,14623846.4348,4272.96926154,5437.992746913579,5422.111800411522
4319.6,4422.1,4300.1,4363.1,3102.3235294,13568945.6756,4373.80097435,5437.992746913579,5422.111800411522
4363.1,4440.0,4318.5,4432.0,2320.46385183,10124716.8653,4363.22972981,5437.992746913579,5422.111800411522
4423.2,4615.1,4407.1,4592.0,4105.51719742,18512590.9873,4509.19825617,5437.992746913579,5422.111800411522
4594.4,4875.0,4555.0,4772.1,5241.18232486,24631888.1763,4699.68160799,5437.992746913579,5422.111800411522
4774.9,4919.0,4712.4,4748.5,5679.17992944,27363918.7884,4818.28699361,5437.992746913579,5422.111800411522
4745.4,4878.0,4710.2,4822.6,3619.2746455,17380641.4342,4802.2444099,5437.992746913579,5422.111800411522
4824.2,5430.0,4812.2,5429.7,7950.6666096,41036762.623,5161.42414693,5437.992746913579,5422.111800411522
5429.8,5854.4,5380.1,5640.0,9222.14433934,51787058.0974,5615.51155477,5437.992746913579,5422.111800411522
5626.7,5800.0,5556.1,5800.0,3019.94647571,17192045.3234,5692.83113515,5437.992746913579,5422.111800411522
5800.0,5840.4,5462.1,5680.0,4536.38621516,25452654.4224,5610.77765763,5437.992746913579,5422.111800411522
5673.2,5776.6,5550.0,5738.8,3134.62065681,17786378.7358,5674.17262985,5437.992746913579,5422.111800411522
5738.7,5759.9,5535.1,5606.5,3462.55347926,19476585.3259,5624.91971389,5437.992746913579,5422.111800411522
5606.5,5630.0,5132.3,5579.4,6192.78961184,33406704.9125,5394.45177479,5437.992746913579,5422.111800411522
5590.0,5731.3,5534.0,5695.3,3450.45895147,19482980.3454,5646.48953065,5437.992746913579,5422.111800411522
5703.1,6050.0,5620.0,5999.0,4449.03328167,26171861.0248,5882.59501961,5437.992746913579,5422.111800411522
5990.2,6180.0,5920.9,6043.0,4431.12456991,26905771.7721,6071.99625007,5437.992746913579,5422.111800411522
6039.8,6090.8,5750.1,5997.6,3153.67405449,18635503.2321,5909.1405485,5437.992746913579,5422.111800411522
5987.5,6054.0,5700.1,5902.8,4732.96457613,27720669.5758,5856.93578092,5437.992746913579,5422.111800411522
5902.6,5910.0,5511.0,5545.5,5791.6319269,32846271.4497,5671.33268554,5437.992746913579,5422.111800411522
5545.5,5777.7,5400.0,5762.8,4900.59050168,27295409.877,5569.82058951,5437.992746913579,5422.111800411522
5761.0,5994.9,5707.6,5890.6,3863.26207309,22652822.5242,5863.65151928,5437.992746913579,5422.111800411522
5891.2,5994.0,5710.0,5793.8,3109.0864276,18110154.4226,5824.91186537,5437.992746913579,5422.111800411522
5794.0,5887.6,5687.0,5750.0,2051.06476132,11797461.8101,5751.87192163,5437.992746913579,5422.111800411522
5750.0,6209.9,5684.7,6130.0,4183.97770779,25030656.9168,5982.50245698,5437.992746913579,5422.111800411522
6135.8,6232.4,6032.8,6124.5,2817.13661322,17233227.5555,6117.285003,5437.992746913579,5422.111800411522
6124.5,6444.6,6080.0,6430.5,3950.14618649,24883341.3651,6299.34695841,5437.992746913579,5422.111800411522
6442.3,6749.0,6362.0,6741.9,5055.97894408,33096681.8414,6546.0481951,5437.992746913579,5422.111800411522
6741.8,7289.0,6710.8,7007.3,7346.37422648,51181775.1559,6966.94363478,5437.992746913579,5422.111800411522
7020.3,7449.0,6894.1,7160.0,4840.04253561,35071049.3488,7246.02089563,5437.992746913579,5422.111800411522
7160.0,7480.0,6934.1,7369.9,2705.03503914,19589501.549,7241.86609991,5437.992746913579,5422.111800411522
7366.5,7575.0,7297.0,7380.0,2604.5885088,19406521.0445,7450.89712978,5437.992746913579,5422.111800411522
7374.7,7449.0,6920.0,6969.0,4961.19201324,35789508.157,7213.89296392,5437.992746913579,5422.111800411522
6970.3,7273.1,6942.0,7128.1,2974.53772295,21166208.3915,7115.79760048,5437.992746913579,5422.111800411522
7128.1,7788.0,7097.0,7463.5,6190.61258129,45889566.8511,7412.76670903,5437.992746913579,5422.111800411522
7460.0,7470.0,7104.0,7152.4,5067.23527091,36796397.7429,7261.63198977,5437.992746913579,5422.111800411522
7155.0,7400.0,6415.0,6583.0,8899.13936163,60722778.2747,6823.44390925,5437.992746913579,5422.111800411522
6567.1,6800.0,6200.0,6330.0,6931.899168,44788043.9663,6461.15052756,5437.992746913579,5422.111800411522
6330.0,6500.0,5464.0,5880.0,14495.1237039,86294051.5049,5953.31597494,5437.992746913579,5422.111800411522
5840.0,6870.0,5800.0,6528.0,7537.03256051,48224130.3533,6398.29136548,5437.992746913579,5422.111800411522
6534.0,6779.2,6528.0,6660.6,4351.5815983,28941854.5212,6650.88172366,5437.992746913579,5422.111800411522
6660.6,7300.0,6660.6,7260.0,7650.85838326,54177459.4561,7081.22628105,5437.992746913579,5422.111800411522
7260.0,7790.0,7085.2,7750.7,8575.16387302,63750572.5034,7434.32702248,5437.992746913579,5422.111800411522
7755.7,7950.0,7520.2,7695.7,5630.44791972,43886718.2274,7794.53408559,5437.992746913579,5422.111800411522
7691.9,7849.9,7426.9,7786.0,2972.03915888,22764822.611,7659.66442366,5437.992746913579,5422.111800411522
7790.5,8000.0,7670.0,8000.0,2708.77432199,21259151.7811,7848.2550608,5437.992746913579,5422.111800411522
8000.0,8274.4,7909.6,8234.1,2650.70849042,21514255.2765,8116.41693314,5437.992746913579,5422.111800411522
8220.8,8350.0,7785.4,8113.1,4807.60619696,39023343.116,8117.00075198,5437.992746913579,5422.111800411522
8100.8,8300.0,8025.4,8250.6,2821.81601548,23147966.1927,8203.21596651,5437.992746913579,5422.111800411522
8251.5,8290.0,8030.0,8030.0,3096.81717503,25260419.3475,8156.89720117,5437.992746913579,5422.111800411522
8028.7,8277.7,7850.0,8173.1,4049.82022353,32638093.8489,8059.14634414,5437.992746913579,5422.111800411522
8174.1,8697.1,8100.0,8690.0,2680.85325729,22646622.9324,8447.54291225,5437.992746913579,5422.111800411522
8691.8,9388.0,8691.8,9174.3,3192.03207954,28801840.7333,9023.0423804,5437.992746913579,5422.111800411522
9174.3,9654.7,9155.6,9580.0,3131.80533832,29734005.0511,9494.20600548,5437.992746913579,5422.111800411522
9597.7,9885.2,9411.0,9800.0,2475.90411229,24083673.8277,9727.22396967,5437.992746913579,5422.111800411522
9820.0,11379.8,9000.2,9795.8,9958.75872977,102328971.341,10275.2736679,5437.992746913579,5422.111800411522
9773.1,10680.1,9220.8,10088.5,6997.11120759,69230759.0578,9894.19161763,5437.992746913579,5422.111800411522
10087.8,10961.2,9450.0,10896.1,4676.81408673,48154259.5423,10296.3809656,5437.992746913579,5422.111800411522
10887.1,11198.6,10673.0,10901.0,2623.40366774,28665269.0552,10926.7473426,5437.992746913579,5422.111800411522
10901.0,11777.0,10701.6,11235.1,4153.48733109,46829337.5521,11274.7033563,5437.992746913579,5422.111800411522
11242.0,11663.9,11006.3,11638.0,3476.47232317,39588226.5158,11387.4706414,5437.992746913579,5422.111800411522
11638.0,11850.0,11502.2,11736.2,3195.85665527,37365657.1069,11691.9064706,5437.992746913579,5422.111800411522
11723.4,13850.0,11723.4,13737.7,5197.7545049,66004059.016321,12698.571845611,5437.992746913579,5422.111800411522
13733.4,15958.0,13699.0,15899.0,7755.7522399,115523211.90071,14895.165333724,5437.992746913579,5422.111800411522
15899.0,16986.0,14201.6,15921.9,4718.38587644,73053187.800897,15482.664986276,5437.992746913579,5422.111800411522
15921.9,16100.0,13200.0,14682.9,3770.61362482,55390110.634468,14689.946026255,5437.992746913579,5422.111800411522
14682.9,15700.0,13000.0,14850.3,4467.85379163,64692624.567514,14479.575112486,5437.992746913579,5422.111800411522
14850.0,17423.0,14850.0,16578.0,4505.52736884,74307059.09086,16492.422086871,5437.992746913579,5422.111800411522
16568.1,17390.1,16300.0,16889.3,3333.16711892,56071409.74672,16822.261754727,5437.992746913579,5422.111800411522
16894.3,17199.9,15717.0,16150.1,3288.35052657,54417834.022072,16548.671919971,5437.992746913579,5422.111800411522
16135.3,16698.5,15825.7,16376.1,2915.69181985,47483492.41527,16285.497696294,5437.992746913579,5422.111800411522
16376.6,17950.0,16323.3,17500.0,3611.7813784,62658454.906154,17348.352057209,5437.992746913579,5422.111800411522
17500.0,19500.0,17343.0,19356.9,2758.74152106,50777234.899466,18405.941445343,5437.992746913579,5422.111800411522
19356.9,19660.0,18567.1,18920.6,3274.96908744,62668069.973058,19135.469160121,5437.992746913579,5422.111800411522
18920.8,19289.0,18298.5,18833.1,3388.9076985,63317251.15094,18683.675326704,5437.992746913579,5422.111800411522
18832.8,18946.8,16723.5,17600.5,4451.90521413,80548883.039631,18093.126238172,5437.992746913579,5422.111800411522
17593.5,17724.5,15501.2,16220.7,6042.25468999,99791126.962634,16515.544624088,5437.992746913579,5422.111800411522
16217.7,16950.0,14315.0,15180.0,4131.37583307,64895606.297597,15707.98903797,5437.992746913579,5422.111800411522
15184.3,15442.3,11205.0,13874.1,11076.10780529,147410514.52761,13308.873217829,5437.992746913579,5422.111800411522
13899.8,15600.0,13499.9,14560.9,3831.47848784,56472260.066801,14739.025743203,5437.992746913579,5422.111800411522
14569.4,14841.8,12500.0,13760.0,3621.10168348,48903274.553619,13505.081830958,5437.992746913579,5422.111800411522
13760.0,14512.0,13030.0,13865.0,2454.50188473,34059670.817416,13876.408500359,5437.992746913579,5422.111800411522
13870.0,16249.0,13763.0,15814.5,3622.53308714,55898541.4778,15430.788382925,5437.992746913579,5422.111800411522
15813.3,16555.2,14624.0,15445.9,3771.65844893,58956227.301679,15631.38022702,5437.992746913579,5422.111800411522
15444.3,15550.0,13732.5,14548.8,5020.62568393,72251227.308032,14390.881108562,5437.992746913579,5422.111800411522
14566.1,15198.5,14250.0,14400.8,3219.8920918,47183299.552711,14653.689691301,5437.992746913579,5422.111800411522
14400.8,14438.8,12132.4,12600.0,4404.2834104,58197495.731039,13213.839870889,5437.992746913579,5422.111800411522
12600.0,14299.0,12500.0,13990.0,2210.38420793,29672163.936218,13423.984766886,5437.992746913579,5422.111800411522
13971.1,14442.9,13050.0,13506.1,2226.37250671,30453735.422821,13678.634339508,5437.992746913579,5422.111800411522
13506.1,15300.0,13088.8,14882.0,3228.21366839,45657584.871591,14143.297055787,5437.992746913579,5422.111800411522
14882.0,15599.7,14701.9,15185.7,2740.65307326,41376944.456504,15097.476167345,5437.992746913579,5422.111800411522
15186.7,15500.1,14417.1,15266.6,3497.90019972,52267643.715369,14942.577183749,5437.992746913579,5422.111800411522
15266.6,17000.0,14961.0,16990.0,3728.58977026,59665095.733659,16002.054237653,5437.992746913579,5422.111800411522
16988.3,17245.0,16167.5,17088.0,2126.63751312,35480124.630044,16683.672892608,5437.992746913579,5422.111800411522
17083.5,17100.0,15665.0,16128.4,2270.3585095,37293409.038193,16426.220300514,5437.992746913579,5422.111800411522
16116.9,16130.1,13500.0,15022.6,3925.06457211,59097957.441231,15056.556740788,5437.992746913579,5422.111800411522
15016.9,15440.7,14230.7,14516.6,2991.73717995,44545152.110013,14889.393496376,5437.992746913579,5422.111800411522
14508.5,14979.0,13525.0,14937.6,3993.36981293,56610267.684115,14176.064410769,5437.992746913579,5422.111800411522
14907.0,15055.0,12848.0,13647.9,1991.79183395,27099780.14137,13605.729112579,5437.992746913579,5422.111800411522
13503.0,13503.0,13503.0,13503.0,0.009,121.527,13503.0,5437.992746913579,5422.111800411522
14101.0,17200.0,13266.3,14400.0,1182.99248664,17086982.065532,14443.863556618,5437.992746913579,5422.111800411522
14396.3,14500.0,13209.6,13711.2,2431.9326854,33420533.68043,13742.376127871,5437.992746913579,5422.111800411522
13711.1,14438.9,13207.0,13608.3,3531.91047996,49054873.577888,13889.047827295,5437.992746913579,5422.111800411522
13606.9,13633.1,10111.0,11533.2,10021.9238199,118108319.55431,11784.9947452,5437.992746913579,5422.111800411522
11533.9,11968.9,9225.0,11185.0,11353.58997941,119714197.6887,10544.17130668,5437.992746913579,5422.111800411522
11191.0,12262.3,10750.0,11286.0,7722.09300421,89641210.142619,11608.408509681,5437.992746913579,5422.111800411522
11286.1,12040.0,11036.4,11598.1,5520.73432895,63862193.610654,11567.699114911,5437.992746913579,5422.111800411522
11599.0,13079.6,11539.1,12845.9,4920.58015559,61599184.339732,12518.683243022,5437.992746913579,5422.111800411522
12845.6,12845.8,11146.0,11556.0,4677.56308317,55421192.095443,11848.304578692,5437.992746913579,5422.111800411522
11588.6,11968.5,10000.0,10811.3,5133.10693755,56090874.798632,10927.275718398,5437.992746913579,5422.111800411522
10811.3,11456.0,10001.0,10849.9,5067.02305339,54705475.061837,10796.373824516,5437.992746913579,5422.111800411522
10850.0,11500.0,10529.0,11419.8,4225.93491648,46672894.442544,11044.39499542,5437.992746913579,5422.111800411522
11419.8,11760.1,10899.0,11159.3,4650.91325434,52501975.7452,11288.530418452,5437.992746913579,5422.111800411522
11156.1,11634.2,10320.0,11080.8,7680.88569038,83836003.14752,10914.887491754,5437.992746913579,5422.111800411522
11080.0,11595.0,10850.0,11386.0,5943.53837824,67035524.158128,11278.723193503,5437.992746913579,5422.111800411522
11380.2,11932.7,11100.0,11629.9,5972.08431347,69394800.197957,11619.862774114,5437.992746913579,5422.111800411522
11633.9,11708.3,11015.0,11150.0,4564.69002336,51398551.916589,11260.031163903,5437.992746913579,5422.111800411522
11149.9,11200.0,9750.3,9979.8,10691.89936727,110770182.46979,10360.196880348,5437.992746913579,5422.111800411522
9985.0,10331.0,9513.1,10101.6,8868.30880981,88044146.245407,9927.952232337,5437.992746913579,5422.111800411522
10105.5,10180.9,8525.3,9037.6,14776.41408143,136494514.7997,9237.3233483784,5437.992746913579,5422.111800411522
9043.0,9155.0,7606.0,8772.6,18572.4774678,157095377.21591,8458.5041219337,5437.992746913579,5422.111800411522
8770.0,9463.7,8022.9,9167.9,8118.50885987,72257237.881125,8900.3090503842,5437.992746913579,5422.111800411522
9178.0,9346.0,7751.2,8130.2,8207.38976495,69144867.561308,8424.7086517804,5437.992746913579,5422.111800411522
8146.8,8349.3,6530.0,6843.7,20676.95141616,151212423.84491,7313.0908324681,5437.992746913579,5422.111800411522
6843.8,7950.0,5850.0,7677.0,28799.36011009,195189664.96459,6777.5695091296,5437.992746913579,5422.111800411522
7676.1,8644.1,7125.1,7559.0,15778.71540719,124719072.91244,7904.2602451409,5437.992746913579,5422.111800411522
7552.4,8638.4,7543.0,8231.0,11216.69802972,91995264.751265,8201.6351432045,5437.992746913579,5422.111800411522
8239.7,8749.9,7750.0,8680.1,10628.39103972,87981672.6623,8277.9860407373,5437.992746913579,5422.111800411522
8680.9,9080.0,8139.4,8555.7,10633.65116159,91709980.554953,8624.5052768159,5437.992746913579,5422.111800411522
8554.0,8555.4,7842.0,8056.1,8492.77130232,69373382.848841,8168.5212493465,5437.992746913579,5422.111800411522
8063.8,8988.0,8059.9,8906.3,7894.13699232,68301186.846411,8652.141065307,5437.992746913579,5422.111800411522
8897.6,8933.7,8385.0,8517.7,6411.5345649,55247585.279536,8616.905160582,5437.992746913579,5422.111800411522
8520.0,9520.6,8519.4,9489.7,7551.99653765,68853815.585675,9117.2996759743,5437.992746913579,5422.111800411522
9475.7,10247.0,9330.1,10037.0,9682.24238483,95449259.845221,9858.1770680281,5437.992746913579,5422.111800411522
10044.4,10325.1,9689.0,10188.5,6618.31856667,66420719.76387,10035.890399469,5437.992746913579,5422.111800411522
10188.5,11131.9,10056.7,11100.0,7380.93784998,78992275.878979,10702.20038219,5437.992746913579,5422.111800411522
11100.0,11308.8,10205.0,10430.0,9183.53515963,98755735.465444,10753.564259172,5437.992746913579,5422.111800411522
10430.0,11269.5,10371.0,11165.1,5688.90126809,62236161.13608,10939.926394078,5437.992746913579,5422.111800411522
11165.1,11790.1,11078.0,11242.3,9323.94347869,107072773.89205,11483.636096333,5437.992746913579,5422.111800411522
11231.2,11300.0,10236.2,10468.1,14340.49616908,154231454.71151,10754.959444434,5437.992746913579,5422.111800411522
10477.2,10976.0,9712.0,9840.2,13980.69425784,142818671.95599,10215.420587994,5437.992746913579,5422.111800411522
9842.0,10438.6,9550.9,10157.7,11254.28134104,112491758.07733,9995.4634746086,5437.992746913579,5422.111800411522
10147.9,10578.7,9363.0,9688.0,9604.01859406,95059134.2153,9897.8498723538,5437.992746913579,5422.111800411522
9688.0,9887.1,9310.1,9580.0,7456.22581474,71341421.990131,9568.0339843113,5437.992746913579,5422.111800411522
9580.0,10471.0,9386.7,10322.1,9117.0625545,91122333.701265,9994.7031356376,5437.992746913579,5422.111800411522
10326.8,10878.9,10123.7,10551.0,7361.21438057,77949489.753826,10589.21608907,5437.992746913579,5422.111800411522
10569.0,11081.4,10260.1,10310.0,8552.47780571,90789580.657624,10615.587987496,5437.992746913579,5422.111800411522
10309.0,11079.3,10130.0,10920.0,7852.27407536,83796751.673591,10671.653952648,5437.992746913579,5422.111800411522
10920.0,11190.0,10778.8,11031.3,5738.53135619,62992248.396471,10977.067909287,5437.992746913579,5422.111800411522
11031.3,11528.9,11031.3,11428.0,4944.44780197,56156759.213319,11357.53909485,5437.992746913579,5422.111800411522
11429.9,11539.0,11062.1,11512.1,4149.25347994,46719106.313427,11259.641412436,5437.992746913579,5422.111800411522
11503.1,11666.4,11400.8,11433.9,4954.25260616,57107967.834651,11527.060159113,5437.992746913579,5422.111800411522
11432.9,11438.0,10550.1,10731.5,10018.32245753,109673449.60443,10947.286840622,5437.992746913579,5422.111800411522
10718.4,10899.0,9388.1,9903.0,14472.60115717,146553555.52185,10126.276122053,5437.992746913579,5422.111800411522
9903.0,10120.7,9000.0,9279.9,11725.82958676,112306657.36264,9577.7152935475,5437.992746913579,5422.111800411522
9290.1,9427.9,8400.0,9244.5,19451.81845846,172862324.41608,8886.6922537466,5437.992746913579,5422.111800411522
9224.5,9515.2,8653.0,8752.0,11013.35144042,100791274.8313,9151.735089592,5437.992746913579,5422.111800411522
8762.3,9745.0,8434.1,9526.2,13887.8296224,126242443.58512,9090.1492182405,5437.992746913579,5422.111800411522
9533.7,9899.9,8755.0,9102.8,13106.41419373,122237778.25126,9326.5615174695,5437.992746913579,5422.111800411522
9109.9,9477.0,8812.5,9141.3,11066.15926846,101149409.20296,9140.4259372308,5437.992746913579,5422.111800411522
9141.2,9370.9,7900.0,8174.2,16372.07815925,139849590.07499,8541.9571489141,5437.992746913579,5422.111800411522
8175.9,8425.0,7621.4,8248.6,17259.23084809,139052525.66295,8056.704663542,5437.992746913579,5422.111800411522
8244.9,8615.0,7859.4,8251.0,11977.77050757,99214341.791834,8283.2061049367,5437.992746913579,5422.111800411522
8260.0,8340.0,7700.0,7843.4,11663.48026867,93482297.349629,8014.9573880395,5437.992746913579,5422.111800411522
7839.1,8249.1,7305.0,8183.2,18593.94738484,142241479.55847,7649.880717337,5437.992746913579,5422.111800411522
8183.2,8780.0,8064.0,8610.2,15090.74484515,126113987.4275,8357.0419301095,5437.992746913579,5422.111800411522
8600.0,9037.0,8305.2,8912.0,12610.92215199,109314525.25176,8668.2420154745,5437.992746913579,5422.111800411522
8911.9,9189.8,8750.0,8880.0,10571.30464218,94633137.381419,8951.8882091268,5437.992746913579,5422.111800411522
8879.0,9116.2,8487.0,8711.5,9985.44564072,87446573.869912,8757.4032262828,5437.992746913579,5422.111800411522
8710.0,8934.9,8265.0,8916.8,9577.16553937,81623202.37558,8522.6888937068,5437.992746913579,5422.111800411522
8917.4,9030.0,8480.0,8530.0,6878.03156606,60619577.015128,8813.5066599953,5437.992746913579,5422.111800411522
8532.7,8678.0,8368.8,8444.4,6076.19576525,51768889.310906,8519.9508559244,5437.992746913579,5422.111800411522
8453.5,8499.7,7850.0,8137.8,10150.47150298,82588565.160896,8136.4264838978,5437.992746913579,5422.111800411522
8137.8,8230.0,7708.6,7786.7,10179.27672891,80878989.051262,7945.4553801018,5437.992746913579,5422.111800411522
7786.7,8114.5,7728.3,7943.3,6642.37138266,52597764.224991,7918.5220450483,5437.992746913579,5422.111800411522
7935.0,7975.0,6900.0,7080.1,20895.70910605,154035688.88329,7371.6420965435,5437.992746913579,5422.111800411522
7084.8,7244.0,6550.0,6804.0,20857.68328036,142995106.37664,6855.7521204328,5437.992746913579,5422.111800411522
6804.0,7199.7,6773.9,6911.1,9318.5783671,65199540.644408,6996.726118074,5437.992746913579,5422.111800411522
6913.8,7037.0,6449.4,6810.0,13276.07288284,88735221.087665,6683.8455822549,5437.992746913579,5422.111800411522
6818.8,7134.9,6761.0,7054.7,8333.81724457,58197210.396241,6983.2597342064,5437.992746913579,5422.111800411522
7054.6,7529.7,7013.1,7414.8,9474.58631587,69574043.316257,7343.2275559853,5437.992746913579,5422.111800411522
7410.1,7432.7,6699.0,6790.4,11284.45226437,79223069.076798,7020.5506852061,5437.992746913579,5422.111800411522
6790.4,6935.8,6551.8,6763.5,11046.99114636,74430583.011723,6737.633987898,5437.992746913579,5422.111800411522
6763.6,6848.0,6505.0,6616.2,7304.35734635,48408853.354902,6627.3939046933,5437.992746913579,5422.111800411522
6613.9,7077.7,6602.2,6893.1,6684.72091985,46086972.322465,6894.3749297913,5437.992746913579,5422.111800411522
6885.0,7113.6,6878.6,7014.5,4464.73727071,31222768.276241,6993.1927419495,5437.992746913579,5422.111800411522
7022.9,7186.1,6608.3,6773.4,9945.51677003,68070544.993336,6844.3446999618,5437.992746913579,5422.111800411522
6774.2,6888.0,6646.8,6830.0,4965.88934736,33669502.727848,6780.1556524307,5437.992746913579,5422.111800411522
6829.9,6969.0,6798.0,6941.0,4106.75996618,28283815.993525,6887.1363864575,5437.992746913579,5422.111800411522
6940.9,8500.0,6759.0,7919.9,15139.23731092,114184129.88927,7542.2643521753,5437.992746913579,5422.111800411522
7919.9,8240.4,7741.0,7882.5,10669.71015032,85368726.514116,8001.0352025875,5437.992746913579,5422.111800411522
7882.4,8215.3,7816.2,8004.9,5013.16479984,40223044.69314,8023.4834279584,5437.992746913579,5422.111800411522
8005.0,8422.0,7996.6,8363.3,4067.77521854,33621727.465962,8265.3848011861,5437.992746913579,5422.111800411522
8374.0,8429.8,7902.0,8057.1,5906.32683407,47794298.92504,8092.0511627199,5437.992746913579,5422.111800411522
8057.2,8181.4,7800.3,7893.1,5197.57996383,41689251.438704,8020.8965958812,5437.992746913579,5422.111800411522
7893.0,8308.0,7865.0,8170.0,5577.11037823,45037842.690234,8075.4798875842,5437.992746913579,5422.111800411522
8170.6,8308.0,8099.7,8275.7,3584.32537652,29455636.99204,8217.9026449429,5437.992746913579,5422.111800411522
8267.5,8943.8,8226.0,8875.0,7749.02248547,66048508.256989,8523.4632343414,5437.992746913579,5422.111800411522
8875.1,9075.0,8629.3,8944.6,5032.70494654,44427417.540159,8827.741346272,5437.992746913579,5422.111800411522
8939.7,9072.0,8760.5,8811.8,4049.59962766,36112693.134229,8917.5959241916,5437.992746913579,5422.111800411522
8796.3,9032.1,8784.9,8954.1,4291.092669,38240355.340746,8911.5659554511,5437.992746913579,5422.111800411522
8959.0,9749.0,8947.0,9661.7,8904.02848288,83167013.914937,9340.3804889938,5437.992746913579,5422.111800411522
9661.7,9750.0,8767.0,8855.7,14048.63249021,129130997.22613,9191.7129525676,5437.992746913579,5422.111800411522
8857.0,9300.0,8555.0,9291.4,7802.75314974,69297979.416818,8881.2215492332,5437.992746913579,5422.111800411522
9281.7,9381.9,8891.8,8917.8,6206.90034304,57062192.372309,9193.3476000295,5437.992746913579,5422.111800411522
8917.8,9437.2,8865.0,9339.2,4802.20850146,44456858.293067,9257.5860210049,5437.992746913579,5422.111800411522
9328.1,9538.0,9165.0,9411.2,3800.97343832,35608849.499624,9368.3499970374,5437.992746913579,5422.111800411522
9407.4,9453.9,9110.7,9243.2,4135.39593872,38360011.56263,9276.0190634862,5437.992746913579,5422.111800411522
9246.5,9246.5,8830.0,9081.3,5955.92210715,53569802.535749,8994.3759458236,5437.992746913579,5422.111800411522
